{
    "movies" : [
        {"id":"1" , 
        "moviename":"Kantara",
        "hero":"Rishab",
        "heroine":"sapthami gowda",
        "director":"Rishab shetty", 
        "languages":["kannada","tamil","telugu","malayalam","hindi"],
        "genre":"Comedy drama divine",
        "poster":"https://static.toiimg.com/thumb/msid-97698497,width-1280,resizemode-4/97698497.jpg",
        "trailer":"https://www.youtube.com/embed/ppYoIoW73PI",
        "release":"2022",
        "rating":"9.5",
        "synopsis":"Set in a fictional village of Dakshina Kannada, Kantara is a visual grandeur that brings alive the traditional culture of Kambla and Bhootha Kola. It is believed that Demigods are the guardians and their energies encircle the village. In the story, there is a ripple when a battle of ego swirls along tradition and culture of the land. The soul of the story is on human and nature conflict in which Shiva is the rebellion and works against nature. There are intense conflicts he indulges in. In the end, a much awaiting loop leads to war between the villagers and the evil forces. Will Shiva, the protagonist of the film be able to reinstate peace and harmony in the village perceiving his existence?"
        },
        {"id":"2" , 
        "moviename":"KGF",
        "hero":"Yash",
        "heroine":"Sreenidhi sheety",
        "director":"Rprashant", 
        "languages":["kannada","tamil","telugu","malayalam","hindi"],
        "genre":"action drama",
        "poster":"https://assets-in.bmscdn.com/iedb/movies/images/mobile/thumbnail/xlarge/kgf-chapter-2-et00098647-08-04-2022-11-33-32.jpg",
        "trailer":"https://www.youtube.com/embed/Qah9sSIXJqk",
        "release":"2021",
        "rating":"9.3",
        "synopsis":"The blood-soaked land of Kolar Gold Fields (KGF) has a new overlord now - Rocky, whose name strikes fear in the heart of his foes. His allies look up to Rocky as their saviour, the government sees him as a threat to law and order; enemies are clamouring for revenge and conspiring for his downfall. Bloodier battles and darker days await as Rocky continues on his quest for unchallenged supremacy."
        },
        {"id":"3" , 
        "moviename":"RRR",
        "hero":"NTR Ramcharan",
        "heroine":"alia",
        "director":"Rajmouli", 
        "languages":["kannada","tamil","telugu","malayalam","hindi"],
        "genre":"history drama divine",
        "poster":"https://assets-in.bmscdn.com/iedb/movies/images/extra/vertical_logo/mobile/thumbnail/xxlarge/rrr-et00094579-12-05-2022-02-26-04.jpg",
        "trailer":"https://www.youtube.com/embed/GY4BgdUSpbE",
        "release":"2021",
        "rating":"8",
        "synopsis":"RRR is a period drama set in India during the 1920s, revolving around the inspiring journey of two of India`s freedom fighters - Alluri Sitarama Raju and Komaram Bheem."
        },
        {"id":"4" , 
        "moviename":"apthamitra",
        "hero":"vishuvardhan",
        "heroine":"soudariya",
        "director":"p vasu", 
        "languages":["kannada"],
        "genre":"Comedy drama horror",
        "poster":"https://m.media-amazon.com/images/I/81duXR-7hOL._SL1420_.jpg",
        "trailer":"https://www.youtube.com/embed/Gf-qmEbnL0I",
        "release":"2004",
        "rating":"10",
        "synopsis":"stars Vishnuvardhan, Soundarya and Ramesh Arvind in the lead roles with Prema, Dwarakish and Avinash in supporting roles. The movie is a remake of the 1993 Malayalam film Manichithrathazhu.[4] The film was released on 27 August 2004 on Varalakshmi festival to positive reviews.[5]It ran for one-hundred days in theaters across Karnataka and was one of the highest-grossing films of the year.[6] Apthamitra was later followed by its sequel, Aptharakshaka (2010). P. Vasu also remade the film in Tamil in 2005 as Chandramukhi with Rajinikanth and Jyothika in the leads. Actress Soundarya is remembered for her performance in this film?"
        },
        {"id":"5" , 
        "moviename":"Love mocktail",
        "hero":"Darling Krishna",
        "heroine":"Milana Nagaraj , Amrutha",
        "director":"Darling Krishna", 
        "languages":["kannada"],
        "genre":"romance drama",
        "poster":"https://assets-in.bmscdn.com/iedb/movies/images/mobile/thumbnail/xlarge/love-mocktail-et00124382-20-10-2020-09-58-18.jpg",
        "trailer":"https://www.youtube.com/embed/IsEdANxZD3c",
        "release":"2020",
        "rating":"8",
        "synopsis":"Love moctail is a romantic and fun film about the protagonist Adi`s quest for love. Life takes him through a roller coaster of a ride and he goes through varied experiences at several stages throughout his search for true love. Does Adi finally find his soul mate?"
        },
        {"id":"6" , 
        "moviename":"Kantara",
        "hero":"Rishab",
        "heroine":"sapthami gowda",
        "director":"Rishab shetty", 
        "languages":["kannada","tamil","telugu","malayalam","hindi"],
        "genre":"Comedy drama divine",
        "poster":"https://static.toiimg.com/thumb/msid-97698497,width-1280,resizemode-4/97698497.jpg",
        "trailer":"https://www.youtube.com/embed/ppYoIoW73PI",
        "release":"2022",
        "rating":"9.5",
        "synopsis":"Set in a fictional village of Dakshina Kannada, Kantara is a visual grandeur that brings alive the traditional culture of Kambla and Bhootha Kola. It is believed that Demigods are the guardians and their energies encircle the village. In the story, there is a ripple when a battle of ego swirls along tradition and culture of the land. The soul of the story is on human and nature conflict in which Shiva is the rebellion and works against nature. There are intense conflicts he indulges in. In the end, a much awaiting loop leads to war between the villagers and the evil forces. Will Shiva, the protagonist of the film be able to reinstate peace and harmony in the village perceiving his existence?"
        },
        {"id":"7" , 
        "moviename":"KGF",
        "hero":"Yash",
        "heroine":"Sreenidhi sheety",
        "director":"Rprashant", 
        "languages":["kannada","tamil","telugu","malayalam","hindi"],
        "genre":"action drama",
        "poster":"https://assets-in.bmscdn.com/iedb/movies/images/mobile/thumbnail/xlarge/kgf-chapter-2-et00098647-08-04-2022-11-33-32.jpg",
        "trailer":"https://www.youtube.com/embed/Qah9sSIXJqk",
        "release":"2021",
        "rating":"9.3",
        "synopsis":"The blood-soaked land of Kolar Gold Fields (KGF) has a new overlord now - Rocky, whose name strikes fear in the heart of his foes. His allies look up to Rocky as their saviour, the government sees him as a threat to law and order; enemies are clamouring for revenge and conspiring for his downfall. Bloodier battles and darker days await as Rocky continues on his quest for unchallenged supremacy."
        },
        {"id":"8" , 
        "moviename":"RRR",
        "hero":"NTR Ramcharan",
        "heroine":"alia",
        "director":"Rajmouli", 
        "languages":["kannada","tamil","telugu","malayalam","hindi"],
        "genre":"history drama divine",
        "poster":"https://assets-in.bmscdn.com/iedb/movies/images/extra/vertical_logo/mobile/thumbnail/xxlarge/rrr-et00094579-12-05-2022-02-26-04.jpg",
        "trailer":"https://www.youtube.com/embed/GY4BgdUSpbE",
        "release":"2021",
        "rating":"8",
        "synopsis":"RRR is a period drama set in India during the 1920s, revolving around the inspiring journey of two of India`s freedom fighters - Alluri Sitarama Raju and Komaram Bheem."
        },
        {"id":"9" , 
        "moviename":"apthamitra",
        "hero":"vishuvardhan",
        "heroine":"soudariya",
        "director":"p vasu", 
        "languages":["kannada"],
        "genre":"Comedy drama horror",
        "poster":"https://m.media-amazon.com/images/I/81duXR-7hOL._SL1420_.jpg",
        "trailer":"https://www.youtube.com/embed/Gf-qmEbnL0I",
        "release":"2004",
        "rating":"10",
        "synopsis":"stars Vishnuvardhan, Soundarya and Ramesh Arvind in the lead roles with Prema, Dwarakish and Avinash in supporting roles. The movie is a remake of the 1993 Malayalam film Manichithrathazhu.[4] The film was released on 27 August 2004 on Varalakshmi festival to positive reviews.[5]It ran for one-hundred days in theaters across Karnataka and was one of the highest-grossing films of the year.[6] Apthamitra was later followed by its sequel, Aptharakshaka (2010). P. Vasu also remade the film in Tamil in 2005 as Chandramukhi with Rajinikanth and Jyothika in the leads. Actress Soundarya is remembered for her performance in this film?"
        },
        {"id":"10" , 
        "moviename":"Love mocktail",
        "hero":"Darling Krishna",
        "heroine":"Milana Nagaraj , Amrutha",
        "director":"Darling Krishna", 
        "languages":["kannada"],
        "genre":"romance drama",
        "poster":"https://assets-in.bmscdn.com/iedb/movies/images/mobile/thumbnail/xlarge/love-mocktail-et00124382-20-10-2020-09-58-18.jpg",
        "trailer":"https://www.youtube.com/embed/IsEdANxZD3c",
        "release":"2020",
        "rating":"8",
        "synopsis":"Love moctail is a romantic and fun film about the protagonist Adi`s quest for love. Life takes him through a roller coaster of a ride and he goes through varied experiences at several stages throughout his search for true love. Does Adi finally find his soul mate?"
        }    
    ]
}